{"cameraMode":{"drawMode":0,"name":"Shaded","section":"Shading Mode"},"sceneLighting":true,"audioPlay":false,"sceneViewState":{"showFog":true,"showMaterialUpdate":false,"showSkybox":true,"showFlares":true,"showImageEffects":true,"showParticleSystems":true},"in2DMode":false,"pivot":{"x":101.62368774414063,"y":110.56634521484375,"z":-16.3019962310791},"rotation":{"x":-0.29475414752960207,"y":-0.6273772716522217,"z":0.27821651101112368,"w":-0.6649788022041321},"size":48.196929931640628,"orthographic":false}