{"cameraMode":{"drawMode":0,"name":"Shaded","section":"Shading Mode"},"sceneLighting":true,"audioPlay":false,"sceneViewState":{"showFog":true,"showMaterialUpdate":false,"showSkybox":true,"showFlares":true,"showImageEffects":true,"showParticleSystems":true},"in2DMode":false,"pivot":{"x":-6.300472259521484,"y":17.992172241210939,"z":37.37373352050781},"rotation":{"x":-0.009732330217957497,"y":0.7106362581253052,"z":-0.00979682058095932,"w":-0.7034713625907898},"size":48.196929931640628,"orthographic":false}