{"cameraMode":{"drawMode":0,"name":"Shaded","section":"Shading Mode"},"sceneLighting":true,"audioPlay":false,"sceneViewState":{"showFog":true,"showMaterialUpdate":false,"showSkybox":true,"showFlares":true,"showImageEffects":true,"showParticleSystems":true},"in2DMode":false,"pivot":{"x":-1.1015615463256837,"y":-4.699910640716553,"z":-4.995429992675781},"rotation":{"x":-0.10468997806310654,"y":0.8816277980804443,"z":-0.39721572399139407,"w":-0.23236139118671418},"size":15.529693603515625,"orthographic":false}